{
    "name": "1. YouTube Scraping System—Run Scraper",
    "flow": [
        {
            "id": 1,
            "module": "google-sheets:filterRows",
            "version": 2,
            "parameters": {
                "__IMTCONN__": 1548308
            },
            "mapper": {
                "from": "drive",
                "filter": [
                    [
                        {
                            "a": "B",
                            "b": "awaiting",
                            "o": "text:equal"
                        }
                    ]
                ],
                "sheetId": "Sheet2",
                "sortOrder": "asc",
                "spreadsheetId": "1enYdoLM6QtSNvTWfVlHLOWVS9IyDOp6kOgeNbSgA1zQ",
                "tableFirstRow": "A1:CZ1",
                "includesHeaders": true,
                "valueRenderOption": "FORMATTED_VALUE",
                "dateTimeRenderOption": "FORMATTED_STRING"
            },
            "metadata": {
                "designer": {
                    "x": -119,
                    "y": -5
                },
                "restore": {
                    "expect": {
                        "from": {
                            "label": "Select from My Drive"
                        },
                        "orderBy": {
                            "mode": "chose"
                        },
                        "sheetId": {
                            "mode": "chose",
                            "label": "Sheet2"
                        },
                        "sortOrder": {
                            "mode": "chose",
                            "label": "Ascending"
                        },
                        "spreadsheetId": {
                            "mode": "chose",
                            "label": "YouTube Scraped Content Database"
                        },
                        "tableFirstRow": {
                            "label": "A-CZ"
                        },
                        "includesHeaders": {
                            "mode": "chose",
                            "label": "Yes"
                        },
                        "valueRenderOption": {
                            "mode": "chose",
                            "label": "Formatted value"
                        },
                        "dateTimeRenderOption": {
                            "mode": "chose",
                            "label": "Formatted string"
                        }
                    },
                    "parameters": {
                        "__IMTCONN__": {
                            "data": {
                                "scoped": "true",
                                "connection": "google"
                            },
                            "label": "nick@leftclick.ai (nick@leftclick.ai)"
                        }
                    }
                },
                "parameters": [
                    {
                        "name": "__IMTCONN__",
                        "type": "account:google",
                        "label": "Connection",
                        "required": true
                    }
                ],
                "expect": [
                    {
                        "name": "from",
                        "type": "select",
                        "label": "Search Method",
                        "required": true,
                        "validate": {
                            "enum": [
                                "drive",
                                "share"
                            ]
                        }
                    },
                    {
                        "name": "valueRenderOption",
                        "type": "select",
                        "label": "Value render option",
                        "validate": {
                            "enum": [
                                "FORMATTED_VALUE",
                                "UNFORMATTED_VALUE",
                                "FORMULA"
                            ]
                        }
                    },
                    {
                        "name": "dateTimeRenderOption",
                        "type": "select",
                        "label": "Date and time render option",
                        "validate": {
                            "enum": [
                                "SERIAL_NUMBER",
                                "FORMATTED_STRING"
                            ]
                        }
                    },
                    {
                        "name": "limit",
                        "type": "uinteger",
                        "label": "Limit"
                    },
                    {
                        "name": "spreadsheetId",
                        "type": "select",
                        "label": "Spreadsheet ID",
                        "required": true
                    },
                    {
                        "name": "sheetId",
                        "type": "select",
                        "label": "Sheet Name",
                        "required": true
                    },
                    {
                        "name": "includesHeaders",
                        "type": "select",
                        "label": "Table contains headers",
                        "required": true,
                        "validate": {
                            "enum": [
                                true,
                                false
                            ]
                        }
                    },
                    {
                        "name": "tableFirstRow",
                        "type": "select",
                        "label": "Column range",
                        "required": true,
                        "validate": {
                            "enum": [
                                "A1:Z1",
                                "A1:BZ1",
                                "A1:CZ1",
                                "A1:DZ1",
                                "A1:MZ1",
                                "A1:ZZ1",
                                "A1:AZZ1",
                                "A1:BZZ1",
                                "A1:CZZ1",
                                "A1:DZZ1",
                                "A1:MZZ1",
                                "A1:ZZZ1"
                            ]
                        }
                    },
                    {
                        "name": "filter",
                        "type": "filter",
                        "label": "Filter",
                        "options": "rpc://google-sheets/2/rpcGetFilterKeys?includesHeaders=true"
                    },
                    {
                        "name": "orderBy",
                        "type": "select",
                        "label": "Order by"
                    },
                    {
                        "name": "sortOrder",
                        "type": "select",
                        "label": "Sort order",
                        "validate": {
                            "enum": [
                                "asc",
                                "desc"
                            ]
                        }
                    }
                ],
                "interface": [
                    {
                        "name": "__IMTLENGTH__",
                        "label": "Total number of bundles",
                        "type": "uinteger"
                    },
                    {
                        "name": "__IMTINDEX__",
                        "label": "Bundle order position",
                        "type": "uinteger"
                    },
                    {
                        "name": "__ROW_NUMBER__",
                        "type": "number",
                        "label": "Row number"
                    },
                    {
                        "name": "__SPREADSHEET_ID__",
                        "type": "text",
                        "label": "Spreadsheet ID"
                    },
                    {
                        "name": "__SHEET__",
                        "type": "text",
                        "label": "Sheet"
                    },
                    {
                        "name": "0",
                        "type": "text",
                        "label": "videoUrl (A)"
                    },
                    {
                        "name": "1",
                        "type": "text",
                        "label": "processingStatus (B)"
                    },
                    {
                        "name": "2",
                        "type": "text",
                        "label": "(C)"
                    },
                    {
                        "name": "3",
                        "type": "text",
                        "label": "(D)"
                    },
                    {
                        "name": "4",
                        "type": "text",
                        "label": "(E)"
                    },
                    {
                        "name": "5",
                        "type": "text",
                        "label": "(F)"
                    },
                    {
                        "name": "6",
                        "type": "text",
                        "label": "(G)"
                    },
                    {
                        "name": "7",
                        "type": "text",
                        "label": "(H)"
                    },
                    {
                        "name": "8",
                        "type": "text",
                        "label": "(I)"
                    },
                    {
                        "name": "9",
                        "type": "text",
                        "label": "(J)"
                    },
                    {
                        "name": "10",
                        "type": "text",
                        "label": "(K)"
                    },
                    {
                        "name": "11",
                        "type": "text",
                        "label": "(L)"
                    },
                    {
                        "name": "12",
                        "type": "text",
                        "label": "(M)"
                    },
                    {
                        "name": "13",
                        "type": "text",
                        "label": "(N)"
                    },
                    {
                        "name": "14",
                        "type": "text",
                        "label": "(O)"
                    },
                    {
                        "name": "15",
                        "type": "text",
                        "label": "(P)"
                    },
                    {
                        "name": "16",
                        "type": "text",
                        "label": "(Q)"
                    },
                    {
                        "name": "17",
                        "type": "text",
                        "label": "(R)"
                    },
                    {
                        "name": "18",
                        "type": "text",
                        "label": "(S)"
                    },
                    {
                        "name": "19",
                        "type": "text",
                        "label": "(T)"
                    },
                    {
                        "name": "20",
                        "type": "text",
                        "label": "(U)"
                    },
                    {
                        "name": "21",
                        "type": "text",
                        "label": "(V)"
                    },
                    {
                        "name": "22",
                        "type": "text",
                        "label": "(W)"
                    },
                    {
                        "name": "23",
                        "type": "text",
                        "label": "(X)"
                    },
                    {
                        "name": "24",
                        "type": "text",
                        "label": "(Y)"
                    },
                    {
                        "name": "25",
                        "type": "text",
                        "label": "(Z)"
                    },
                    {
                        "name": "26",
                        "type": "text",
                        "label": "(AA)"
                    },
                    {
                        "name": "27",
                        "type": "text",
                        "label": "(AB)"
                    },
                    {
                        "name": "28",
                        "type": "text",
                        "label": "(AC)"
                    },
                    {
                        "name": "29",
                        "type": "text",
                        "label": "(AD)"
                    },
                    {
                        "name": "30",
                        "type": "text",
                        "label": "(AE)"
                    },
                    {
                        "name": "31",
                        "type": "text",
                        "label": "(AF)"
                    },
                    {
                        "name": "32",
                        "type": "text",
                        "label": "(AG)"
                    },
                    {
                        "name": "33",
                        "type": "text",
                        "label": "(AH)"
                    },
                    {
                        "name": "34",
                        "type": "text",
                        "label": "(AI)"
                    },
                    {
                        "name": "35",
                        "type": "text",
                        "label": "(AJ)"
                    },
                    {
                        "name": "36",
                        "type": "text",
                        "label": "(AK)"
                    },
                    {
                        "name": "37",
                        "type": "text",
                        "label": "(AL)"
                    },
                    {
                        "name": "38",
                        "type": "text",
                        "label": "(AM)"
                    },
                    {
                        "name": "39",
                        "type": "text",
                        "label": "(AN)"
                    },
                    {
                        "name": "40",
                        "type": "text",
                        "label": "(AO)"
                    },
                    {
                        "name": "41",
                        "type": "text",
                        "label": "(AP)"
                    },
                    {
                        "name": "42",
                        "type": "text",
                        "label": "(AQ)"
                    },
                    {
                        "name": "43",
                        "type": "text",
                        "label": "(AR)"
                    },
                    {
                        "name": "44",
                        "type": "text",
                        "label": "(AS)"
                    },
                    {
                        "name": "45",
                        "type": "text",
                        "label": "(AT)"
                    },
                    {
                        "name": "46",
                        "type": "text",
                        "label": "(AU)"
                    },
                    {
                        "name": "47",
                        "type": "text",
                        "label": "(AV)"
                    },
                    {
                        "name": "48",
                        "type": "text",
                        "label": "(AW)"
                    },
                    {
                        "name": "49",
                        "type": "text",
                        "label": "(AX)"
                    },
                    {
                        "name": "50",
                        "type": "text",
                        "label": "(AY)"
                    },
                    {
                        "name": "51",
                        "type": "text",
                        "label": "(AZ)"
                    },
                    {
                        "name": "52",
                        "type": "text",
                        "label": "(BA)"
                    },
                    {
                        "name": "53",
                        "type": "text",
                        "label": "(BB)"
                    },
                    {
                        "name": "54",
                        "type": "text",
                        "label": "(BC)"
                    },
                    {
                        "name": "55",
                        "type": "text",
                        "label": "(BD)"
                    },
                    {
                        "name": "56",
                        "type": "text",
                        "label": "(BE)"
                    },
                    {
                        "name": "57",
                        "type": "text",
                        "label": "(BF)"
                    },
                    {
                        "name": "58",
                        "type": "text",
                        "label": "(BG)"
                    },
                    {
                        "name": "59",
                        "type": "text",
                        "label": "(BH)"
                    },
                    {
                        "name": "60",
                        "type": "text",
                        "label": "(BI)"
                    },
                    {
                        "name": "61",
                        "type": "text",
                        "label": "(BJ)"
                    },
                    {
                        "name": "62",
                        "type": "text",
                        "label": "(BK)"
                    },
                    {
                        "name": "63",
                        "type": "text",
                        "label": "(BL)"
                    },
                    {
                        "name": "64",
                        "type": "text",
                        "label": "(BM)"
                    },
                    {
                        "name": "65",
                        "type": "text",
                        "label": "(BN)"
                    },
                    {
                        "name": "66",
                        "type": "text",
                        "label": "(BO)"
                    },
                    {
                        "name": "67",
                        "type": "text",
                        "label": "(BP)"
                    },
                    {
                        "name": "68",
                        "type": "text",
                        "label": "(BQ)"
                    },
                    {
                        "name": "69",
                        "type": "text",
                        "label": "(BR)"
                    },
                    {
                        "name": "70",
                        "type": "text",
                        "label": "(BS)"
                    },
                    {
                        "name": "71",
                        "type": "text",
                        "label": "(BT)"
                    },
                    {
                        "name": "72",
                        "type": "text",
                        "label": "(BU)"
                    },
                    {
                        "name": "73",
                        "type": "text",
                        "label": "(BV)"
                    },
                    {
                        "name": "74",
                        "type": "text",
                        "label": "(BW)"
                    },
                    {
                        "name": "75",
                        "type": "text",
                        "label": "(BX)"
                    },
                    {
                        "name": "76",
                        "type": "text",
                        "label": "(BY)"
                    },
                    {
                        "name": "77",
                        "type": "text",
                        "label": "(BZ)"
                    },
                    {
                        "name": "78",
                        "type": "text",
                        "label": "(CA)"
                    },
                    {
                        "name": "79",
                        "type": "text",
                        "label": "(CB)"
                    },
                    {
                        "name": "80",
                        "type": "text",
                        "label": "(CC)"
                    },
                    {
                        "name": "81",
                        "type": "text",
                        "label": "(CD)"
                    },
                    {
                        "name": "82",
                        "type": "text",
                        "label": "(CE)"
                    },
                    {
                        "name": "83",
                        "type": "text",
                        "label": "(CF)"
                    },
                    {
                        "name": "84",
                        "type": "text",
                        "label": "(CG)"
                    },
                    {
                        "name": "85",
                        "type": "text",
                        "label": "(CH)"
                    },
                    {
                        "name": "86",
                        "type": "text",
                        "label": "(CI)"
                    },
                    {
                        "name": "87",
                        "type": "text",
                        "label": "(CJ)"
                    },
                    {
                        "name": "88",
                        "type": "text",
                        "label": "(CK)"
                    },
                    {
                        "name": "89",
                        "type": "text",
                        "label": "(CL)"
                    },
                    {
                        "name": "90",
                        "type": "text",
                        "label": "(CM)"
                    },
                    {
                        "name": "91",
                        "type": "text",
                        "label": "(CN)"
                    },
                    {
                        "name": "92",
                        "type": "text",
                        "label": "(CO)"
                    },
                    {
                        "name": "93",
                        "type": "text",
                        "label": "(CP)"
                    },
                    {
                        "name": "94",
                        "type": "text",
                        "label": "(CQ)"
                    },
                    {
                        "name": "95",
                        "type": "text",
                        "label": "(CR)"
                    },
                    {
                        "name": "96",
                        "type": "text",
                        "label": "(CS)"
                    },
                    {
                        "name": "97",
                        "type": "text",
                        "label": "(CT)"
                    },
                    {
                        "name": "98",
                        "type": "text",
                        "label": "(CU)"
                    },
                    {
                        "name": "99",
                        "type": "text",
                        "label": "(CV)"
                    },
                    {
                        "name": "100",
                        "type": "text",
                        "label": "(CW)"
                    },
                    {
                        "name": "101",
                        "type": "text",
                        "label": "(CX)"
                    },
                    {
                        "name": "102",
                        "type": "text",
                        "label": "(CY)"
                    },
                    {
                        "name": "103",
                        "type": "text",
                        "label": "(CZ)"
                    }
                ]
            }
        },
        {
            "id": 2,
            "module": "apify:runActor",
            "version": 1,
            "parameters": {
                "__IMTCONN__": 2721790
            },
            "mapper": {
                "actorId": "o2ZziUjiDSmp4vUKy",
                "runSync": false,
                "inputBody": "{\n    \"get_first_available_lang\": false,\n    \"language\": \"en\",\n    \"proxySettings\": {\n        \"useApifyProxy\": true\n    },\n    \"startUrls\": [\n        \"{{1.`0`}}\"\n    ],\n    \"useAsr\": true\n}"
            },
            "metadata": {
                "designer": {
                    "x": 172,
                    "y": -3
                },
                "restore": {
                    "expect": {
                        "memory": {
                            "mode": "chose",
                            "label": "Empty"
                        },
                        "actorId": {
                            "mode": "chose",
                            "label": "genial_candlestand/youtube-subtitles-scraper"
                        },
                        "runSync": {
                            "mode": "chose"
                        }
                    },
                    "parameters": {
                        "__IMTCONN__": {
                            "data": {
                                "scoped": "true",
                                "connection": "apify"
                            },
                            "label": "nickolassaraev@gmail.com"
                        }
                    }
                },
                "parameters": [
                    {
                        "name": "__IMTCONN__",
                        "type": "account:apify",
                        "label": "Connection",
                        "required": true
                    }
                ],
                "expect": [
                    {
                        "name": "actorId",
                        "type": "select",
                        "label": "Actor",
                        "required": true
                    },
                    {
                        "name": "runSync",
                        "type": "boolean",
                        "label": "Run synchronously",
                        "required": true
                    },
                    {
                        "name": "inputBody",
                        "type": "text",
                        "label": "Input JSON"
                    },
                    {
                        "name": "build",
                        "type": "text",
                        "label": "Build"
                    },
                    {
                        "name": "timeout",
                        "type": "uinteger",
                        "label": "Timeout"
                    },
                    {
                        "name": "memory",
                        "type": "select",
                        "label": "Memory",
                        "validate": {
                            "enum": [
                                128,
                                256,
                                512,
                                1024,
                                2048,
                                4096,
                                8192,
                                16384,
                                32768
                            ]
                        }
                    },
                    {
                        "name": "actorId",
                        "type": "select",
                        "label": "Actor",
                        "required": true
                    },
                    {
                        "name": "runSync",
                        "type": "boolean",
                        "label": "Run synchronously",
                        "required": true
                    },
                    {
                        "name": "inputBody",
                        "type": "text",
                        "label": "Input JSON"
                    },
                    {
                        "name": "build",
                        "type": "text",
                        "label": "Build"
                    },
                    {
                        "name": "timeout",
                        "type": "uinteger",
                        "label": "Timeout"
                    },
                    {
                        "name": "memory",
                        "type": "select",
                        "label": "Memory",
                        "validate": {
                            "enum": [
                                128,
                                256,
                                512,
                                1024,
                                2048,
                                4096,
                                8192,
                                16384,
                                32768
                            ]
                        }
                    }
                ]
            }
        }
    ],
    "metadata": {
        "instant": false,
        "version": 1,
        "scenario": {
            "roundtrips": 1,
            "maxErrors": 3,
            "autoCommit": true,
            "autoCommitTriggerLast": true,
            "sequential": false,
            "slots": null,
            "confidential": false,
            "dataloss": false,
            "dlq": false,
            "freshVariables": false
        },
        "designer": {
            "orphans": []
        },
        "zone": "us1.make.com"
    }
}